sludinajuma_saite,bilde,apraksts,marka,gads,tips,tilpums,nobraukums,cena
https://www.ss.lv//msg/lv/transport/cars/volkswagen/golf-4/binof.html ,https://i.ss.lv/gallery/6/1178/294356/58871082.th2.jpg ,"Automāts, VW Golf 4 1.6i 16V benzīns , normālā stāvoklī. Braukšanas kārt",VolkswagenGolf 4,2000,Benzīns,1.6,236000,830
https://www.ss.lv//msg/lv/transport/cars/skoda/scala/cbifme.html ,https://i.ss.lv/gallery/6/1162/290331/58066038.th2.jpg ,"Škoda Scala Elegance 1, 0 Tsi 81kW 7-p. Dsg. Cena ar Pvn 21%. Ražotā",SkodaScala,2023,Benzīns,1.0,19000,22565
https://www.ss.lv//msg/lv/transport/cars/kia/ceed/cxxppi.html ,https://i.ss.lv/gallery/6/1179/294716/58943125.th2.jpg ,Pārdodu Kia Ceed automāts 1.6 benzins/gāze lielisks automobilis ar labu ,KiaCeed,2007,Benzīns,1.6,175000,2750
https://www.ss.lv//msg/lv/transport/cars/mercedes/c200/mfehe.html ,https://i.ss.lv/gallery/6/1179/294723/58944457.th2.jpg ,"Tikko no Vācijas MB C200 Avangarde komplektācija, ar bendzīna dzinēju, a",MercedesC200,2000,Benzīns,2.0,218000,3500
https://www.ss.lv//msg/lv/transport/cars/volkswagen/jetta/bfgbh.html ,https://i.ss.lv/gallery/6/1179/294724/58944747.th2.jpg ,"Uzņēmums pārdod a/m VW Jetta.  Auto tehniski labā stāvoklī, visas apko",VolkswagenJetta,2017,Benzīns,1.4,308000,9500
https://www.ss.lv//msg/lv/transport/cars/chrysler/town-country/fbgkh.html ,https://i.ss.lv/gallery/6/1178/294259/58851672.th2.jpg ,"Новый Т. О. Эл. стёкла, эл. зеркала, эл. багажник, стерео система androi",ChryslerTown & Country,2005,Benzīns,3.8,161000,1950
https://www.ss.lv//msg/lv/transport/cars/honda/cr-v/ggmmx.html ,https://i.ss.lv/gallery/6/1179/294718/58943548.th2.jpg ,"Ekonomisks 7L / 100km , uzticams, komfortabls un ietilpīgs auto. Honda C",HondaCr-v,2007,Benzīns,2.0,211000,6300
https://www.ss.lv//msg/lv/transport/cars/kia/ceed/aapxh.html ,https://i.ss.lv/gallery/6/1088/271838/54367435.th2.jpg ,"Latvijā pirkts auto, 1, 6 benz. , 89kw. Mašīna braukšanas kartībā. Ā",KiaCeed,2007,Benzīns,1.6,423000,1500
https://www.ss.lv//msg/lv/transport/cars/audi/a5/cbibff.html ,https://i.ss.lv/gallery/6/1158/289328/57865433.th2.jpg ,"A5 S-line, labā stāvoklī. Dinamisks un ekonomisks Full Led gaismas",AudiA5,2018,Benzīns,2.0,122000,24500
https://www.ss.lv//msg/lv/transport/cars/hyundai/galloper/efjgf.html ,https://i.ss.lv/gallery/6/1179/294721/58944170.th2.jpg ,"Hyundai Galloper 3, 0Benzīns/gāze, 4x4, TA 10.24, Dragon winch 6T ar pūl",HyundaiGalloper,2000,Benzīns,3.0,176000,3500
https://www.ss.lv//msg/lv/transport/cars/toyota/rav-4/cbonxh.html ,https://i.ss.lv/gallery/6/1179/294720/58943923.th2.jpg ,Pārdod Rav4. Pirkts un lietots Latvijā. Mazs nobraukums - 142000 km. Tik,ToyotaRAV 4,2013,Benzīns,2.0,143000,12000
https://www.ss.lv//msg/lv/transport/cars/skoda/kamiq/cblgoj.html ,https://i.ss.lv/gallery/6/1179/294721/58944094.th2.jpg ,"1.5 Turbo Benzīns, 150zs, Automāts. Mazs nobraukums. Garantija spēkā līd",SkodaKamiq,2020,Benzīns,1.5,46000,19000
https://www.ss.lv//msg/lv/transport/cars/bmw/523/dmldj.html ,https://i.ss.lv/gallery/6/1165/291049/58209717.th2.jpg ,"Pārdod Bmw 523i ar mpaku 2.5 benzins(150kw), automāts, sedans. Nodokli",Bmw523,2011,Benzīns,2.5,185000,12500
https://www.ss.lv//msg/lv/transport/cars/kia/sportage/bpbflo.html ,https://i.ss.lv/gallery/6/1179/294720/58943968.th2.jpg ,"Pārdošanā pieejama 2019. gada Kia Sportage GT line. Iegadāta jauna, La",KiaSportage,2019,Benzīns,1.6,36000,22000
https://www.ss.lv//msg/lv/transport/cars/opel/meriva/beekkd.html ,https://i.ss.lv/gallery/6/1167/291704/58340697.th2.jpg ,"Tiek pārdota 2011.gada Opel Meriva. 1, 4 benzīns. Auto labā tehniskā un ",OpelMeriva,2011,Benzīns,1.4,185000,4300
https://www.ss.lv//msg/lv/transport/cars/suzuki/vitara/flhxj.html ,https://i.ss.lv/gallery/6/1096/273818/54763582.th2.jpg ,Ģimenes pieauguma dēļ tiek pārdota lieliska mazlietota pilnpiedziņas Suz,SuzukiVitara,2020,Benzīns,1.4,60000,18900
https://www.ss.lv//msg/lv/transport/cars/audi/a4/flnhk.html ,https://i.ss.lv/gallery/6/1179/294708/58941421.th2.jpg ,"A4 2.0Tfsi/155kw. , S-Line, manuālā ātrumkārba, recaro pusādas sēdekļi, ",AudiA4,2009,Benzīns,2.0,143000,6995
https://www.ss.lv//msg/lv/transport/cars/hyundai/tucson/cbmbdp.html ,https://i.ss.lv/gallery/6/1179/294718/58943582.th2.jpg ,Labdien. Auto ar defektu - pazūd dzesēšanas šķidrums. Motors nekarst bra,HyundaiTucson,2006,Benzīns,2.0,334000,2000
https://www.ss.lv//msg/lv/transport/cars/audi/a3/cxeen.html ,https://i.ss.lv/gallery/6/1179/294718/58943538.th2.jpg ,"Pārdodu Audi sēdies un brauc, jo tehniski viss darbojas, tikai vizuāli n",AudiA3,1997,Benzīns,1.8,291000,850
https://www.ss.lv//msg/lv/transport/cars/volvo/c70/hiked.html ,https://i.ss.lv/gallery/6/1179/294717/58943338.th2.jpg ,Volvo C70 2.4 benzīns/gāze kabriolets zeltītā krāsā ar cieto jumtu. Brau,VolvoC70,2007,Benzīns,2.4,328000,5200
https://www.ss.lv//msg/lv/transport/cars/mercedes/e200/ehexh.html ,https://i.ss.lv/gallery/6/1164/290805/58160922.th2.jpg ,Mazs nobraukums. Servisa vēsture. Pēdējā servisa apkope veikta p,MercedesE200,2010,Benzīns,1.8,157000,11595
https://www.ss.lv//msg/lv/transport/cars/opel/corsa/gdjbx.html ,https://i.ss.lv/gallery/6/1162/290429/58085757.th2.jpg ,Opel Corsa 1.2 benzīns 59kw-80zsMazs nobraukums. Ceana ar reģist,OpelCorsa,2007,Benzīns,1.2,80000,4195
https://www.ss.lv//msg/lv/transport/cars/opel/corsa/anedn.html ,https://i.ss.lv/gallery/6/1172/292812/58562365.th2.jpg ,Ford Focus Sedan ar veiktu diagnostiku un pirmspārdošanas Sagatavošanu. ,OpelCorsa,2015,Benzīns,1.0,98000,7500
https://www.ss.lv//msg/lv/transport/cars/audi/a3/bblco.html ,https://i.ss.lv/gallery/6/1173/293247/58649389.th2.jpg ,"Audi A3 Sportback 1.2 Tfsi AT Auto ar pārbaudītu, nelielu nobraukumu. De",AudiA3,2013,Benzīns,1.2,78000,10750
https://www.ss.lv//msg/lv/transport/cars/vaz/2107/edcnx.html ,https://i.ss.lv/gallery/6/1179/294713/58942477.th2.jpg ,"Ta, pa ziemu netiek izmantots, rūc, brauc, bremze. doķi ir, bet pagaidām",Vaz2107,1987,Benzīns,1.5,95000,1000
https://www.ss.lv//msg/lv/transport/cars/citroen/xsarapicasso/obedg.html ,https://i.ss.lv/gallery/6/1168/291795/58358951.th2.jpg ,"Pārdod ērtu uzticamu auto, uz ceļa nekad nav pievīlis.",CitroenXsara Picasso,2002,Benzīns,1.6,175000,1250
https://www.ss.lv//msg/lv/transport/cars/ford/focus/glejm.html ,https://i.ss.lv/gallery/6/1172/292810/58561967.th2.jpg ,Ford Focus Sedan ar veiktu diagnostiku un pirmspārdošanas Sagatavošanu. ,FordFocus,2016,Benzīns,1.0,186000,8990
https://www.ss.lv//msg/lv/transport/cars/peugeot/3008/cbgpnn.html ,https://i.ss.lv/gallery/6/1120/279820/55963993.th2.jpg ,"Peugeot 3008 GT Line, Pure Tech 130 zs, At8Vidējais patēriņš 5, 3 litr",Peugeot3008,2022,Benzīns,1.2,6.5000,34000
https://www.ss.lv//msg/lv/transport/cars/kia/proceed/cbommx.html ,https://i.ss.lv/gallery/6/1119/279502/55900284.th2.jpg ,"Kia Pro Ceed GT Turbo, 1.6 Tgdi, 150 Kw DzinējsAuto pirkts un kopts Si",KiaProceed,2020,Benzīns,1.6,74000,21900
https://www.ss.lv//msg/lv/transport/cars/volkswagen/polo/bbcmlc.html ,https://i.ss.lv/gallery/6/1179/294711/58942197.th2.jpg ,"VW Polo, Goal. Tikko no Vācijas. 1.4 benzīns/55kw. Mašīna vizuāli un t",VolkswagenPolo,2006,Benzīns,1.4,203000,2700
https://www.ss.lv//msg/lv/transport/cars/honda/civic/iebmo.html ,https://i.ss.lv/gallery/6/1179/294713/58942562.th2.jpg ,Pārdodās 2004. gada Honda Civik ar 1.4 benzīna dzinēju un manuālo ātrumk,HondaCivic,2004,Benzīns,1.4,208000,500
https://www.ss.lv//msg/lv/transport/cars/subaru/impreza/angek.html ,https://i.ss.lv/gallery/6/1179/294713/58942482.th2.jpg ,"Impreza wrx, 2.5 turbo, 169kw. Ziemā stāv garažā, izbraukts tikai nobild",SubaruImpreza,2006,Benzīns,2.5,282000,15500
https://www.ss.lv//msg/lv/transport/cars/skoda/kodiaq/bpfijp.html ,https://i.ss.lv/gallery/6/1088/271761/54352097.th2.jpg ,"Škoda Kodiaq L&k 2.0 Tsi 140kW (190 zs) 7-p. Dsg, Cena ar Pvn 21%. Deg",SkodaKodiaq,2023,Benzīns,2.0,10,42990
https://www.ss.lv//msg/lv/transport/cars/zaz/968/aphdl.html ,https://i.ss.lv/gallery/6/1160/289800/57959946.th2.jpg ,"Atrodas Siguldā, bez dokumentiem. braucis neesmu, pie manis stāv gadus 1",Zaz968,1975,Benzīns,1.2,30000,450
https://www.ss.lv//msg/lv/transport/cars/audi/a3/eekfl.html ,https://i.ss.lv/gallery/6/1179/294711/58942138.th2.jpg ,"Automāts, bez rūsas. TA Bez Aizrādījumiem, tikko veikla liela dzinēja un",AudiA3,2003,Benzīns,1.6,206000,3500
https://www.ss.lv//msg/lv/transport/cars/seat/another/cbjjnh.html ,https://i.ss.lv/gallery/6/1158/289464/57892782.th2.jpg ,Pilnpiedziņas sporta auto ar automātisko pārnesumkārbu Cupra Formentor V,SeatCiti,2022,Benzīns,2.0,24000,36500
https://www.ss.lv//msg/lv/transport/cars/skoda/roomster/kexij.html ,https://i.ss.lv/gallery/6/1175/293533/58706442.th2.jpg ,"Pārdodu mašīnu ideālā tehniskā un vizuālā stavoklī, Škoda Roomster 1.6",SkodaRoomster,2007,Benzīns,1.6,240000,2990
https://www.ss.lv//msg/lv/transport/cars/mercedes/cls350/dmbgi.html ,https://i.ss.lv/gallery/6/1179/294505/58900856.th2.jpg ,Cls350. Оригинальный пробег. Хорошее состояние. После обслуживания и рем,MercedesCLS350,2004,Benzīns,3.5,235000,5900
https://www.ss.lv//msg/lv/transport/cars/seat/tarraco/cbicmm.html ,https://i.ss.lv/gallery/6/1155/288590/57717870.th2.jpg ,Piedāvājam Seat Tarraco. 1.5 benzīna dzinējs. 110Kw/150Zs. Automātiskā p,SeatTarraco,2020,Benzīns,1.5,162000,18990
https://www.ss.lv//msg/lv/transport/cars/volkswagen/tiguan/bpebon.html ,https://i.ss.lv/gallery/6/1171/292709/58541725.th2.jpg ,VW Tiguan 1.4 Tsi (160 zs) ar automātisko Pārnesumkārbu. Iegādājies s,VolkswagenTiguan,2013,Benzīns,1.4,178000,12350
https://www.ss.lv//msg/lv/transport/cars/peugeot/308/bjpjhg.html ,https://i.ss.lv/gallery/6/1045/261113/52222590.th2.jpg ,"Piedāvājam Peugeot 308 SW, 1.2 Puretech benzīna dzinējs, 96Kw/130Zs. Aut",Peugeot308,2015,Benzīns,1.2,64000,9990
https://www.ss.lv//msg/lv/transport/cars/seat/another/cblpjb.html ,https://i.ss.lv/gallery/6/1150/287377/57475266.th2.jpg ,Piedāvājam Cupra Formentor. 2.0tsi benzīna dzinējs. 4Drive pilnpiedziņa.,SeatCiti,2022,Benzīns,2.0,42000,32990
https://www.ss.lv//msg/lv/transport/cars/audi/a4/bcoifd.html ,https://i.ss.lv/gallery/6/1173/293113/58622491.th2.jpg ,Audi A4 B6 1.8T (120kw quattro)S-line komplektācija:Ādas sēdekļi,AudiA4,2004,Benzīns,1.8,324000,3400
https://www.ss.lv//msg/lv/transport/cars/renault/modus/jligo.html ,https://i.ss.lv/gallery/6/1154/288392/57678383.th2.jpg ,"Renault Modus no Somijā, 1.6 benz. dzinējs ar 111 z/s. Originals nob",RenaultModus,2005,Benzīns,1.6,178000,1750
https://www.ss.lv//msg/lv/transport/cars/subaru/outback/bjoonx.html ,https://i.ss.lv/gallery/6/1179/294604/58920679.th2.jpg ,"Pārdodu ļoti foršu 4x4 auto. Tehnisku ķibeļu nav , vizuāli labi saglab",SubaruOUTBACK,2002,Benzīns,2.5,366000,1400
https://www.ss.lv//msg/lv/transport/cars/audi/q5/mokho.html ,https://i.ss.lv/gallery/6/1179/294707/58941242.th2.jpg ,Audi Q5 Quattro 2.0 Tfsi 265ZsLed gaismas / Priekšējo sēdekļu apsild,AudiQ5,2021,Benzīns,2.0,53000,39990
https://www.ss.lv//msg/lv/transport/cars/renault/twingo/jhnpe.html ,https://i.ss.lv/gallery/6/1173/293230/58645985.th2.jpg ,"Izcils mazauto, ērts un plašs salons, aizmugures krēsli bīdāmi un regulē",RenaultTwingo,1998,Benzīns,1.2,165000,980
https://www.ss.lv//msg/lv/transport/cars/renault/kadjar/bpmbhk.html ,https://i.ss.lv/gallery/6/1174/293366/58673177.th2.jpg ,"Tikko no Beļģijas, oriģināls pierādāms nobraukums 96150km, labā stāvoklī",RenaultKadjar,2016,Benzīns,1.2,97000,10500
https://www.ss.lv//msg/lv/transport/cars/toyota/yaris/bdbied.html ,https://i.ss.lv/gallery/6/1167/291666/58333091.th2.jpg ,"Automāts. Nesen izieta tehniskā apskate. Auto ļoti labā stāvoklī, kā teh",ToyotaYaris,2006,Benzīns,1.3,218000,2650
https://www.ss.lv//msg/lv/transport/cars/volkswagen/passat-b7/bghhke.html ,https://i.ss.lv/gallery/6/1179/294709/58941697.th2.jpg ,1.8Tsi/118Kw. 3600E(export) 4350E(pvn21%) Euro5FФирма продает два таки,VolkswagenPassat (B7),2012,Benzīns,1.8,263000,4350
https://www.ss.lv//msg/lv/transport/cars/bmw/325/fbdfx.html ,https://i.ss.lv/gallery/6/1112/277807/55561245.th2.jpg ,Pardodu 325ti laba tehniska un vizuāla stāvokli auto ir bez rūsas taka t,Bmw325,2001,Benzīns,2.5,196000,3700
https://www.ss.lv//msg/lv/transport/cars/opel/corsa/dlibe.html ,https://i.ss.lv/gallery/6/1179/294708/58941517.th2.jpg ,Auto ar defektu. Iedegās eļļas lapam - antifrīzs jaucas kopā ar eļļu. Dz,OpelCorsa,2008,Benzīns,1.2,148000,950
https://www.ss.lv//msg/lv/transport/cars/bmw/320/clink.html ,https://i.ss.lv/gallery/6/1179/294697/58939396.th2.jpg ,"BMW 3 Touring G21, 2.0l/115kw. Cena ar Pvn (Vat include). - Phytonic",Bmw320,2021,Benzīns,2.0,160000,24800
https://www.ss.lv//msg/lv/transport/cars/kia/niro/cblphd.html ,https://i.ss.lv/gallery/6/1059/264737/52947329.th2.jpg ,"Jauns Kia Niro My23 1, 6 EX Comfort Pack 6Dct, vid. degvielas patēriņš -",KiaNiro,2024,Benzīns,1.6,3,34400
https://www.ss.lv//msg/lv/transport/cars/volkswagen/golf-4/gpcke.html ,https://i.ss.lv/gallery/6/1026/256457/51291327.th2.jpg ,VW golf 1.6fsi. Sport edition. Recaro салон. Новый ТО. Комплект ключей. ,VolkswagenGolf 4,2003,Benzīns,1.6,256000,1200
https://www.ss.lv//msg/lv/transport/cars/mercedes/e43-amg/cbfgfc.html ,https://i.ss.lv/gallery/6/1179/294707/58941385.th2.jpg ,"Mercedes-Benz E 43 T Amg 4Matic. 2018. gada. 3.0l benzīns, 295 Kw (401 H",MercedesE43 AMG,2018,Benzīns,3.0,175000,36900
https://www.ss.lv//msg/lv/transport/cars/volvo/v70/adckm.html ,https://i.ss.lv/gallery/6/1177/294046/58809123.th2.jpg ,"2.4 benzīns, 103kw-140hp. , meh. kārba, tikko no Somijas, tumši zila met",VolvoV70,2005,Benzīns,2.4,242000,3600
https://www.ss.lv//msg/lv/transport/cars/honda/cr-v/amhne.html ,https://i.ss.lv/gallery/6/1179/294705/58940906.th2.jpg ,Honda Cr-V Executive 2.0 AT 4Wd /2007.g. / 182 813 KmĀdas SalonsEl,HondaCr-v,2007,Benzīns,2.0,183000,5800
https://www.ss.lv//msg/lv/transport/cars/dacia/sandero/ccbbmk.html ,https://i.ss.lv/gallery/6/1159/289664/57932698.th2.jpg ,Jauns Dacia Sandero.  Isofix bērnu sēdeklīšu stiprināšanas sistēma mal,DaciaSandero,2024,Benzīns,1.0,14,16500
https://www.ss.lv//msg/lv/transport/cars/kia/sportage/cxbmep.html ,https://i.ss.lv/gallery/6/1136/283848/56769577.th2.jpg ,Kia Ardala pārdod Kia Sportage 1.6 T-Gdi 7Dct 4Wd Gt-Line TXGT Line TX,KiaSportage,2016,Benzīns,1.6,108000,22940
https://www.ss.lv//msg/lv/transport/cars/mitsubishi/lancer/cxflih.html ,https://i.ss.lv/gallery/6/1179/294579/58915723.th2.jpg ,"Mitsubishi lancer 1.6 automātiskais, Elektriskie slēģi,  Centrālā atsl",MitsubishiLancer,2004,Benzīns,1.6,264000,1100
https://www.ss.lv//msg/lv/transport/cars/audi/s5/bxblne.html ,https://i.ss.lv/gallery/6/1126/281427/56285295.th2.jpg ,"Audi S5 quattro 3.0 Tip-tronic, 260kw/354 zs, S-Line. Auto pirkts un b",AudiS5,2018,Benzīns,3.0,93000,38000
https://www.ss.lv//msg/lv/transport/cars/seat/leon/bkkfcb.html ,https://i.ss.lv/gallery/6/1154/288320/57663803.th2.jpg ,Sportstourer FR1.5 Etsi mild hybrid 110 kW / 150 PS Dsg7Desire Red p,SeatLeon,2020,Benzīns,1.5,75000,19900
https://www.ss.lv//msg/lv/transport/cars/mazda/mazda3/ecinl.html ,https://i.ss.lv/gallery/6/1172/292865/58572836.th2.jpg ,"Benzins/gāze. Braucams. Nodoklis samaksāts. Dzinējs strādā perfekti,",MazdaMazda3,2007,Benzīns,1.6,273000,790
https://www.ss.lv//msg/lv/transport/cars/toyota/rav-4/bcbcjd.html ,https://i.ss.lv/gallery/6/1162/290394/58078737.th2.jpg ,Praktiski jauns auto. Toyota Rav4 Suv 2.0 Dynamic Force (175 hp) Multidr,ToyotaRAV 4,2023,Benzīns,2.0,1.5000,37990
https://www.ss.lv//msg/lv/transport/cars/bmw/316/fmfkd.html ,https://i.ss.lv/gallery/6/1179/294705/58940880.th2.jpg ,Pārdod BMW 316 ļoti labā stāvoklī. Saviem gadiem bez rūsas. Regulāri vei,Bmw316,2003,Benzīns,1.8,225000,1550
https://www.ss.lv//msg/lv/transport/cars/skoda/kodiaq/ccbbkm.html ,https://i.ss.lv/gallery/6/1159/289640/57927848.th2.jpg ,"Škoda Kodiaq, 1.5 Tsi, 110 KW, 7-p. Dsg, SportlineRūpnīcas garantija l",SkodaKodiaq,2020,Benzīns,1.5,66000,26300
https://www.ss.lv//msg/lv/transport/cars/nissan/qashqai/bmplbl.html ,https://i.ss.lv/gallery/6/1158/289342/57868250.th2.jpg ,Nissan Qashqai 1.2 Fwd AT Tekna+Priekšējo sēdekļu apsilde / Kruīza kon,NissanQashqai,2017,Benzīns,1.2,113000,14290
https://www.ss.lv//msg/lv/transport/cars/skoda/octavia/cbmdxg.html ,https://i.ss.lv/gallery/6/1124/280799/56159643.th2.jpg ,Skoda Octavia 1.4Tsi 77kw. 4cilindru dzinejs. Tikko ievests no Beļģija,SkodaOctavia,2014,Benzīns,1.4,169000,8990
https://www.ss.lv//msg/lv/transport/cars/hyundai/tucson/ccxjmd.html ,https://i.ss.lv/gallery/6/1179/294704/58940710.th2.jpg ,"Hyundai Tucson, Comfort komplektācija ar 1.6 Benzīna dzinēju un Manuālo ",HyundaiTucson,2022,Benzīns,1.6,64000,19490
https://www.ss.lv//msg/lv/transport/cars/nissan/qashqai/ohihn.html ,https://i.ss.lv/gallery/6/1140/284845/56968902.th2.jpg ,Nissan Qashqai 1.3 benzīns automāts. Tikko no Belģijas. Lielisks aut,NissanQashqai,2018,Benzīns,1.3,67000,15490
https://www.ss.lv//msg/lv/transport/cars/mazda/mazda6/chjde.html ,https://i.ss.lv/gallery/6/1121/280110/56021969.th2.jpg ,Sakarā ar jaunas iegādi pārdodu labi koptu ietilpīgu ģimenes auto. Sīkāk,MazdaMazda6,2008,Benzīns,2.0,201000,1099
https://www.ss.lv//msg/lv/transport/cars/mercedes/s500/aoecb.html ,https://i.ss.lv/gallery/6/1179/294701/58940157.th2.jpg ,Pārdod vai Maiņu. MB S500 Coupe 4.7i Amg 335kW 9G-Tronic Night Paket “,MercedesS500,2016,Benzīns,4.7,168000,49900
https://www.ss.lv//msg/lv/transport/cars/mazda/cx-5/cxedel.html ,https://i.ss.lv/gallery/6/1179/294621/58924031.th2.jpg ,"Mazda Cx-5 Awd, 2.5 Benzīns 118kw/160zs; Pilnpiedziņa; Automātiskā ātrum",MazdaCX-5,2018,Benzīns,2.5,84000,22990
https://www.ss.lv//msg/lv/transport/cars/nissan/juke/bpxcdj.html ,https://i.ss.lv/gallery/6/1179/294702/58940271.th2.jpg ,"Nissan Juke, Acenta komplektācija ar 1.6 Benzīna dzinēju un Manuālo ātru",NissanJuke,2014,Benzīns,1.6,143000,7290
https://www.ss.lv//msg/lv/transport/cars/ford/focus/elblo.html ,https://i.ss.lv/gallery/6/1174/293499/58699738.th2.jpg ,Auto Tikko atvests no Vācijas. Facelift modelis. Teicamā tehniskā un viz,FordFocus,2008,Benzīns,1.6,198000,1888
https://www.ss.lv//msg/lv/transport/cars/moskvich/402/fbgxi.html ,https://i.ss.lv/gallery/6/1041/260187/52037344.th2.jpg ,Moskvich 402 Ļoti labā tehniskā un vizuālā stāvoklī - ļoti labi saglabāt,Moskvich402,1958,Benzīns,1.2,79000,4900
https://www.ss.lv//msg/lv/transport/cars/volkswagen/t-roc/cbplmd.html ,https://i.ss.lv/gallery/6/1138/284417/56883264.th2.jpg ,Jauna automašīna. Pieejama uzreiz. Garantija 5 gadi vai līdz 100 000 km.,VolkswagenT-Roc,2023,Benzīns,1.5,10,28352
https://www.ss.lv//msg/lv/transport/cars/volkswagen/tiguan/cxixhk.html ,https://i.ss.lv/gallery/6/1179/294700/58939802.th2.jpg ,Jauna automašīna. Pieejama uzreiz. 1.5 Tsi benzīna motors ar 150 Zir,VolkswagenTiguan,2023,Benzīns,1.5,10,33072
https://www.ss.lv//msg/lv/transport/cars/hyundai/i20/bddxpe.html ,https://i.ss.lv/gallery/6/1125/281096/56219025.th2.jpg ,Auto iegādāts pie dīlera un remontēts pie dīlera. Nav sists.,Hyundaii20,2020,Benzīns,1.0,186000,9900
https://www.ss.lv//msg/lv/transport/cars/citroen/c3/ixhgn.html ,https://i.ss.lv/gallery/6/1179/294555/58910965.th2.jpg ,Auto ļoti labā stāvoklī ar patiesu nobraukumu 96000km. Pilnīgi jauna TA ,CitroenC3,2018,Benzīns,1.2,96000,7800
https://www.ss.lv//msg/lv/transport/cars/volkswagen/golf-5/eedmd.html ,https://i.ss.lv/gallery/6/1179/294698/58939583.th2.jpg ,Продаётся Golf 5.Бензин-газ 1.6.В хорошем состоянии. Дополнительные вопр,VolkswagenGolf 5,2006,Benzīns,1.6,257000,1500
https://www.ss.lv//msg/lv/transport/cars/opel/insignia/bmcmof.html ,https://i.ss.lv/gallery/6/1173/293110/58621982.th2.jpg ,Tiko ievesta piereģistrēta. GāzeOriģināls nobraukumsIdentifikācija,OpelInsignia,2010,Benzīns,1.8,190000,5660
https://www.ss.lv//msg/lv/transport/cars/volkswagen/golf-4/enieh.html ,https://i.ss.lv/gallery/6/1179/294698/58939475.th2.jpg ,Tiko samainīju visas siksnas sajūgu bet kautkas čakarējas ar doseli un j,VolkswagenGolf 4,2000,Benzīns,1.6,240000,600
https://www.ss.lv//msg/lv/transport/cars/bmw/525/dphdo.html ,https://i.ss.lv/gallery/6/1166/291343/58268406.th2.jpg ,"Pārdodu auto ļoti daudz kas darīts eļļa kārbā, dzinējā, praktiski jaunas",Bmw525,2007,Benzīns,2.5,316000,3250
https://www.ss.lv//msg/lv/transport/cars/bmw/318/cnoxn.html ,https://i.ss.lv/gallery/6/1179/294697/58939367.th2.jpg ,Brauc. rūc. bez Ta. info pa tel.,Bmw318,2007,Benzīns,2.0,360000,2600
https://www.ss.lv//msg/lv/transport/cars/toyota/starlet/kxddx.html ,https://i.ss.lv/gallery/6/1162/290254/58050757.th2.jpg ,"Toyota Starlet, 1, 3, 16V, 55kW, M/t, 1996 GadsIdeālā vizuālā un teh",ToyotaStarlet,1996,Benzīns,1.3,148000,4500
https://www.ss.lv//msg/lv/transport/cars/renault/kangoo/bdxkd.html ,https://i.ss.lv/gallery/6/1170/292475/58494822.th2.jpg ,"Tirgoju darba auto, tehniski labā stāvoklī, ir vizuāli defekti. 1.6 benz",RenaultKangoo,2008,Benzīns,1.6,266000,1450
https://www.ss.lv//msg/lv/transport/cars/bmw/x3/bgpflm.html ,https://i.ss.lv/gallery/6/1174/293316/58663162.th2.jpg ,BMW X5 Mpaket. 3.0i 225kw/301hp. Ļoti ērts un ekanomisks auto. Apkopes v,BmwX3,2015,Benzīns,3.0,96000,16450
https://www.ss.lv//msg/lv/transport/cars/bmw/116/bpehhe.html ,https://i.ss.lv/gallery/6/1158/289425/57884913.th2.jpg ,Bmw 116 ar 1.6 litru benzīndzinēju ar automātisko transmisiju-Adaptī,Bmw116,2012,Benzīns,1.6,260000,8990
https://www.ss.lv//msg/lv/transport/cars/seat/leon/bkooex.html ,https://i.ss.lv/gallery/6/1177/294230/58845985.th2.jpg ,"Pārdodu Seat Leon ar 1.8 20 vārstu, benzīna dzinēju. Auto ir labā tehnis",SeatLeon,1999,Benzīns,1.8,337000,1250
https://www.ss.lv//msg/lv/transport/cars/bmw/525/dmehi.html ,https://i.ss.lv/gallery/6/1124/280879/56175736.th2.jpg ,"3.0i Facelift, cic, m-sporta stūre, navigācija, parkošanās sensori, rekā",Bmw525,2009,Benzīns,3.0,281000,5995
https://www.ss.lv//msg/lv/transport/cars/opel/astra/hcogm.html ,https://i.ss.lv/gallery/6/1050/262362/52472368.th2.jpg ,"1.6i Sēdekļu apsilde, kruīzkontrole, multistūre, tonēti stikli, lietie d",OpelAstra,2005,Benzīns,1.6,364000,1495
https://www.ss.lv//msg/lv/transport/cars/audi/a6/bdjgx.html ,https://i.ss.lv/gallery/6/1040/259793/51958421.th2.jpg ,"2.0T Sedans, rekāro sēdekļi ar apsildi, multistūre, kondicionieris, tonē",AudiA6,2006,Benzīns,2.0,315000,3995
https://www.ss.lv//msg/lv/transport/cars/subaru/impreza/blmco.html ,https://i.ss.lv/gallery/6/1176/293791/58758050.th2.jpg ,"2.0 Turbo benzīns, 224zs, Mehānika, 4x4.Aprīkojums:- El. regulējam",SubaruImpreza,2002,Benzīns,2.0,280000,4000
https://www.ss.lv//msg/lv/transport/cars/volkswagen/arteon/cbeneg.html ,https://i.ss.lv/gallery/6/1168/291928/58385481.th2.jpg ,VW Arteon R-line 2.0 Tsi 4Motion (245Zs) ar automātisko pārnesumkārbu. C,VolkswagenArteon,2017,Benzīns,2.0,96000,29700
https://www.ss.lv//msg/lv/transport/cars/toyota/yaris/kogof.html ,https://i.ss.lv/gallery/6/1135/283546/56709181.th2.jpg ,Izcils auto tikko no atvest Toyota Yaris 1.0 Vvt-I/ 51kw-70z/s. Ziemās r,ToyotaYaris,2014,Benzīns,1.0,209000,5650
https://www.ss.lv//msg/lv/transport/cars/audi/q5/cbcbbm.html ,https://i.ss.lv/gallery/6/1172/292841/58568165.th2.jpg ,Audi Q5 quattro 2.0 Tfsi (180Zs) ar automātisko pārnesumkārbu. Cena ar P,AudiQ5,2016,Benzīns,2.0,81000,22990
https://www.ss.lv//msg/lv/transport/cars/audi/a3/bdojpl.html ,https://i.ss.lv/gallery/6/1179/294695/58938902.th2.jpg ,Pārdodu ejošu ekonomisku transportlīdzekli bez tehniskās apskates. T,AudiA3,1987,Benzīns,1.6,352000,380
https://www.ss.lv//msg/lv/transport/cars/subaru/levorg/ccciif.html ,https://i.ss.lv/gallery/6/1177/294163/58832465.th2.jpg ,Subaru Levorg 1.6i Awd (170Zs) ar automātisko pārnesumkārbu. Cena ar Pvn,SubaruLevorg,2016,Benzīns,1.6,96000,14700
https://www.ss.lv//msg/lv/transport/cars/volvo/s80/aapbj.html ,https://i.ss.lv/gallery/6/1056/263864/52772619.th2.jpg ,"2.4i Automāts, apsildāmi pusādas sēdekļi, klimatkontrole, stereo, cd, li",VolvoS80,2003,Benzīns,2.4,277000,995
https://www.ss.lv//msg/lv/transport/cars/bmw/530/bkgcko.html ,https://i.ss.lv/gallery/6/1177/294014/58802708.th2.jpg ,"530i E60 Headup, ādas apsildāmi sēdekļi, navigācija, xenona lampas, klim",Bmw530,2004,Benzīns,3.0,316000,2995
https://www.ss.lv//msg/lv/transport/cars/subaru/xv/bphjdd.html ,https://i.ss.lv/gallery/6/1167/291742/58348271.th2.jpg ,Subaru XV 2.0 benzīns (190Zs) ar automātisko pārnesumkārbu. Cena ar Pvn.,SubaruXV,2018,Benzīns,2.0,100000,20700
https://www.ss.lv//msg/lv/transport/cars/porsche/cayenne/dflln.html ,https://i.ss.lv/gallery/6/1175/293699/58739738.th2.jpg ,"Auto labā stāvoklī, ir plusi kas nāks jaunajam saimniekam līdzi, to sīkā",PorscheCayenne,2004,Benzīns,4.5,236000,6000
https://www.ss.lv//msg/lv/transport/cars/toyota/avensis/bxflhf.html ,https://i.ss.lv/gallery/6/1179/294694/58938676.th2.jpg ,На полном ходу.,ToyotaAvensis,2014,Benzīns,2.0,100000,5400
https://www.ss.lv//msg/lv/transport/cars/lexus/lx/ahpib.html ,https://i.ss.lv/gallery/6/1179/294694/58938732.th2.jpg ,Sīka zvanots. Cena nav runājam . Līdzi 3 kompletu diski ar riepām j10 j9,LexusLX,1999,Benzīns,4.7,189000,7500
https://www.ss.lv//msg/lv/transport/cars/toyota/camry/fxxnk.html ,https://i.ss.lv/gallery/6/1106/276326/55265030.th2.jpg ,"В очень хорошем состоянии, не ржавый",ToyotaCamry,2002,Benzīns,2.4,230000,4300
https://www.ss.lv//msg/lv/transport/cars/subaru/levorg/cccffp.html ,https://i.ss.lv/gallery/6/1173/293109/58621751.th2.jpg ,Subaru Levorg 1.6i Awd (170Zs) ar automātisko pārnesumkārbu. Cena ar Pvn,SubaruLevorg,2018,Benzīns,1.6,92000,17300
https://www.ss.lv//msg/lv/transport/cars/skoda/superb/bkeojg.html ,https://i.ss.lv/gallery/6/1167/291736/58347155.th2.jpg ,Škoda Superb L&k 1.8 Tsi (180Zs) ar automātisko pārnesumkārbu. Cena ar P,SkodaSuperb,2016,Benzīns,1.8,130000,17990
https://www.ss.lv//msg/lv/transport/cars/skoda/octavia/beexi.html ,https://i.ss.lv/gallery/6/1167/291744/58348767.th2.jpg ,Škoda Octavia Vrs 2.0 Tsi (245Zs) ar automātisko pārnesumkārbu. Cena ar ,SkodaOctavia,2018,Benzīns,2.0,94000,21700
https://www.ss.lv//msg/lv/transport/cars/audi/a3/cdioc.html ,https://i.ss.lv/gallery/6/1169/292108/58421472.th2.jpg ,Audi A3 1.5 Tfsi (150Zs) ar automātisko pārnesumkārbu. Cena ar Pvn. ,AudiA3,2020,Benzīns,1.5,28000,25500
https://www.ss.lv//msg/lv/transport/cars/toyota/avensis/fgfok.html ,https://i.ss.lv/gallery/6/1052/262761/52552161.th2.jpg ,"Toyota Avensis, benzīns, 1.8 Valvematic 147 Zs. TA līdz 17.10.2024.A",ToyotaAvensis,2012,Benzīns,1.8,158000,7600
https://www.ss.lv//msg/lv/transport/cars/audi/a8/anjjd.html ,https://i.ss.lv/gallery/6/1177/294015/58802861.th2.jpg ,"Audi A8, 3.7 V8 Quatro, apskate tika izieta bez aizrādījumiem. Mazais no",AudiA8,2003,Benzīns,3.7,207000,4799
https://www.ss.lv//msg/lv/transport/cars/hyundai/i30/ajxph.html ,https://i.ss.lv/gallery/6/1156/288969/57793671.th2.jpg ,"Benzīns , klimatkontrole , borta dators , mehānika un citas ekstras. ",Hyundaii30,2008,Benzīns,1.4,234000,1395
https://www.ss.lv//msg/lv/transport/cars/toyota/corolla/hxxfo.html ,https://i.ss.lv/gallery/6/1173/293114/58622736.th2.jpg ,"1.6vvti, gāze + benzīns, ekonomisks auto ar tehnisko apskati, uzpildītu ",ToyotaCorolla,2007,Benzīns,1.6,255000,3990
https://www.ss.lv//msg/lv/transport/cars/toyota/auris/bcdhpx.html ,https://i.ss.lv/gallery/6/1174/293396/58679024.th2.jpg ,"Latvijā pirkta jauna, klimata kontrole, ādas multi stūre, sēdelļi ar aps",ToyotaAuris,2007,Benzīns,1.4,236000,2490
https://www.ss.lv//msg/lv/transport/cars/opel/astra/gbojb.html ,https://i.ss.lv/gallery/6/1146/286283/57256489.th2.jpg ,"Latvijā pirkta jauna, Opel Astra Sport, 1.4i, 74kw, mehānika, 5l. /100km",OpelAstra,2016,Benzīns,1.4,208000,7590
https://www.ss.lv//msg/lv/transport/cars/opel/insignia/bjdgeh.html ,https://i.ss.lv/gallery/6/1156/288801/57760098.th2.jpg ,"Grand Sport, 1.5 turbo, Automāts, Cena ar Pvn, Latvijā pirkta jauna, Led",OpelInsignia,2019,Benzīns,1.5,56000,16590
https://www.ss.lv//msg/lv/transport/cars/hyundai/tucson/cxcgkd.html ,https://i.ss.lv/gallery/6/1171/292670/58533969.th2.jpg ,Tirgoju Hyundai Tucson 2.0 benzīns 2009 gada. Braucis ļoti maz un uzturē,HyundaiTucson,2009,Benzīns,2.0,104000,5000
https://www.ss.lv//msg/lv/transport/cars/nissan/juke/bnbdcm.html ,https://i.ss.lv/gallery/6/1157/289233/57846527.th2.jpg ,"4x4, 140kw, 190hp, automāts, Latvijā pirkta jauna, pārbaudāms nobraukums",NissanJuke,2011,Benzīns,1.6,145000,7290
https://www.ss.lv//msg/lv/transport/cars/nissan/juke/bnbldl.html ,https://i.ss.lv/gallery/6/1176/293995/58798833.th2.jpg ,"Automāts, 1.6 benzīns, 86kw, laba komplektācija, Latvijā pirkta jauna, o",NissanJuke,2013,Benzīns,1.6,124000,3990
https://www.ss.lv//msg/lv/transport/cars/kia/sportage/bpbfmx.html ,https://i.ss.lv/gallery/6/1178/294295/58858930.th2.jpg ,"Automāts, Latvijā pirkta jauna, skaists melns ādas salons, el. sēdekļi a",KiaSportage,2011,Benzīns,2.0,155000,9500
https://www.ss.lv//msg/lv/transport/cars/jaguar/x-type/agmie.html ,https://i.ss.lv/gallery/6/1147/286540/57307949.th2.jpg ,"Sport edition, 4x4, - Brīvdienās Esam atvērti - , mehānika, ādas salons,",JaguarX-Type,2002,Benzīns,2.5,215000,2690
https://www.ss.lv//msg/lv/transport/cars/hyundai/i20/bdgkkx.html ,https://i.ss.lv/gallery/6/1172/292838/58567538.th2.jpg ,"1.2i, pilnākā komplektāicja, četri cilindri, start stop sistēma, Led, pi",Hyundaii20,2018,Benzīns,1.2,112000,8690
https://www.ss.lv//msg/lv/transport/cars/volkswagen/passat-b7/bhjlem.html ,https://i.ss.lv/gallery/6/1176/293862/58772388.th2.jpg ,"Automāts, keyless, pusādas sēdekļi ar apsildi, parkošanās sensori, led d",VolkswagenPassat (B7),2012,Benzīns,1.8,350000,4995
https://www.ss.lv//msg/lv/transport/cars/hyundai/i30/bpnggp.html ,https://i.ss.lv/gallery/6/1168/291926/58385098.th2.jpg ,"1.6i, mehānika, 6-6, 5l. /100km ziemā, Led dienas gaismas, sēdekļi ar ap",Hyundaii30,2013,Benzīns,1.6,154000,5450
https://www.ss.lv//msg/lv/transport/cars/chrysler/grand-voyager/dxkbe.html ,https://i.ss.lv/gallery/6/1179/294531/58906151.th2.jpg ,"3.3i, Limited, automāts, 6 vietas, krēsli grīdā ielokāmi, el. sānu durvi",ChryslerGrand Voyager,2006,Benzīns,3.3,137000,1790
https://www.ss.lv//msg/lv/transport/cars/mazda/mazda3/hcxlh.html ,https://i.ss.lv/gallery/6/1179/294677/58935282.th2.jpg ,Automāts. Pilnīgi jaunā TA - 2025g. Pārdodu Mazda 3 (Facelift modelis),MazdaMazda3,2007,Benzīns,1.6,228000,1990
https://www.ss.lv//msg/lv/transport/cars/bmw/745/hieex.html ,https://i.ss.lv/gallery/6/1174/293401/58680095.th2.jpg ,"Gāze + benzīns, 174eur gada nodoklis, soft close, komforta ādas salons, ",Bmw745,2002,Benzīns,4.4,320000,2990
https://www.ss.lv//msg/lv/transport/cars/audi/a4/bbdhf.html ,https://i.ss.lv/gallery/6/1148/286990/57397881.th2.jpg ,"Quattro, 118kw, 160hp, mehānika, Navigācija, klimata kontrole, kruīza ko",AudiA4,2010,Benzīns,1.8,277000,5990
https://www.ss.lv//msg/lv/transport/cars/subaru/forester/mljbl.html ,https://i.ss.lv/gallery/6/1159/289694/57938637.th2.jpg ,"Īpašnieks. Jauna TĀ, 4Х4. Automāts. 2.0, 116kw. Zobsiksna komplekts ir m",SubaruForester,2005,Benzīns,2.0,291000,1399
https://www.ss.lv//msg/lv/transport/cars/hyundai/getz/agdfe.html ,https://i.ss.lv/gallery/6/1172/292843/58568495.th2.jpg ,"Hyundai gets, pilnā darba kārtiba. Apskate vel ilgi. Labas ziemas ri",HyundaiGetz,2003,Benzīns,1.6,329000,600
https://www.ss.lv//msg/lv/transport/cars/bmw/318/gpmdp.html ,https://i.ss.lv/gallery/6/1177/294240/58847893.th2.jpg ,TA 10.02.2025 pārdodu žurciņu. Izmantota sniegotos svētdienas rītos lai ,Bmw318,1994,Benzīns,1.8,363000,1350
https://www.ss.lv//msg/lv/transport/cars/audi/a4/bdbelk.html ,https://i.ss.lv/gallery/6/1085/271217/54243320.th2.jpg ,"2.0i Apsildāmi sēdekļi, stereo, lietie diski, jumta reliņi. Jūsu aut",AudiA4,2002,Benzīns,2.0,343000,995
https://www.ss.lv//msg/lv/transport/cars/bmw/320/ddiol.html ,https://i.ss.lv/gallery/6/1168/291998/58399446.th2.jpg ,BMW 320i e462003 годДвигатель M54B22 125kw (170 hp)Тех. осмотр до ,Bmw320,2003,Benzīns,2.2,233000,2500
https://www.ss.lv//msg/lv/transport/cars/ford/f150/bhcigm.html ,https://i.ss.lv/gallery/6/1039/259700/51939987.th2.jpg ,F150/ x17 Pick upDefekts- nevar iedarbinātPašlaik Igaunijas reģistrā,FordF150,1998,Benzīns,4.2,110000,2990
https://www.ss.lv//msg/lv/transport/cars/audi/a3/beixnp.html ,https://i.ss.lv/gallery/6/1151/287671/57534159.th2.jpg ,"A3 5-Durvis, sēdekļu apsilde, klimatkontrole, stereo, lietie diski. ",AudiA3,2005,Benzīns,1.6,374000,2495
https://www.ss.lv//msg/lv/transport/cars/ford/fusion/nelfo.html ,https://i.ss.lv/gallery/6/1167/291509/58301790.th2.jpg ,"1.4i Benzīns, manuāls, stereo, kondicionieris, lietie diski. Jūsu au",FordFusion,2008,Benzīns,1.4,156000,2495
https://www.ss.lv//msg/lv/transport/cars/skoda/kodiaq/cxjmbf.html ,https://i.ss.lv/gallery/6/1176/293877/58775203.th2.jpg ,"Skoda Kodiaq Ambition Plus, garantija līdz 02.2025. vai līdz 150 000 km,",SkodaKodiaq,2020,Benzīns,1.5,99000,23900
https://www.ss.lv//msg/lv/transport/cars/saab/9-5/adfgp.html ,https://i.ss.lv/gallery/6/1154/288483/57696460.th2.jpg ,"Aero 184 kw. Nesen izieta tehniskā apskate. Oriģināli R17 Saab diski, ",Saab9-5,2005,Benzīns,2.3,338000,1250
https://www.ss.lv//msg/lv/transport/cars/mercedes/s550/niccx.html ,https://i.ss.lv/gallery/6/1176/293863/58772518.th2.jpg ,"S550 4matic. svaiga tehniskā apskate, Nodokļi līdz šim nomaksāti, cits r",MercedesS550,2010,Benzīns,5.5,331000,9990
https://www.ss.lv//msg/lv/transport/cars/lexus/gs/adbgj.html ,https://i.ss.lv/gallery/6/1156/288896/57779066.th2.jpg ,"Tirgojas kopts, lēts lexus gs300 benzīns/gāze. Auto pilnīgā darba kārt",LexusGS,2000,Benzīns,3.0,222000,2500
https://www.ss.lv//msg/lv/transport/cars/skoda/octavia/bckldn.html ,https://i.ss.lv/gallery/6/1168/292000/58399939.th2.jpg ,Škoda Octavia ar 1.0Tsi benzīna dzinēju (110z/s) ar automātisko Dsg Ātru,SkodaOctavia,2020,Benzīns,1.0,74000,18550
https://www.ss.lv//msg/lv/transport/cars/gaz/another/bilpm.html ,https://i.ss.lv/gallery/6/1101/275127/55025358.th2.jpg ,"Pārdot gaz 69 komplektā 3gabali, dokumenti 2g viens ar parakstamiem doku",GazCiti,1965,Benzīns,2.4,25000,3500
https://www.ss.lv//msg/lv/transport/cars/toyota/auris/akooo.html ,https://i.ss.lv/gallery/6/1179/294522/58904222.th2.jpg ,Pārdodu Toyota Auris 1.6 Benzīns Automātiskā ātrumkārba. Patiess Nobrauk,ToyotaAuris,2009,Benzīns,1.6,178000,3950
https://www.ss.lv//msg/lv/transport/cars/volkswagen/golf-6/becclj.html ,https://i.ss.lv/gallery/6/1153/288227/57645290.th2.jpg ,Ļoti ekonomisks. Ļoti labā tehniskā stāvoklī. Vizuāli ir pa kādai skramb,VolkswagenGolf 6,2013,Benzīns,1.2,272000,2280
https://www.ss.lv//msg/lv/transport/cars/volkswagen/polo/bbcpgb.html ,https://i.ss.lv/gallery/6/1179/294691/58938081.th2.jpg ,"VW Polo 2019. gads, Jaunas ziemas riepas, nobraukušas tik šo sezonu. ",VolkswagenPolo,2019,Benzīns,1.0,181000,8490
https://www.ss.lv//msg/lv/transport/cars/vaz/2101/gjidn.html ,https://i.ss.lv/gallery/6/1179/294691/58938003.th2.jpg ,Вся информация при осмотре машины.,Vaz2101,1985,Benzīns,1.4,170000,1000
https://www.ss.lv//msg/lv/transport/cars/audi/a8/djxkd.html ,https://i.ss.lv/gallery/6/1179/294690/58937934.th2.jpg ,Auto laba darba kartiba viss kam jadarbojas darbojas kap un baudi brauci,AudiA8,2003,Benzīns,4.2,344000,5500
https://www.ss.lv//msg/lv/transport/cars/audi/s4/dkhic.html ,https://i.ss.lv/gallery/6/1169/292234/58446638.th2.jpg ,"Pārdodu Audi S4 B8, 2009g. Perfektā stāvoklī. Rs4 salons un spidometrs",AudiS4,2009,Benzīns,3.0,218000,12900
https://www.ss.lv//msg/lv/transport/cars/opel/corsa/giomj.html ,https://i.ss.lv/gallery/6/1176/293832/58766377.th2.jpg ,Saistībā ar jauna auto iegādi tiek pārdots ekonomisks pilsētas auto. Ben,OpelCorsa,2004,Benzīns,1.4,187000,1100
https://www.ss.lv//msg/lv/transport/cars/ford/escort/bfxll.html ,https://i.ss.lv/gallery/6/1081/270086/54017021.th2.jpg ,"Labs vizuālais un tehniskais stāvoklis. Jaunas riepas, smilšoti, pulvero",FordEscort,1993,Benzīns,1.8,95000,3500
https://www.ss.lv//msg/lv/transport/cars/kia/shuma/fplph.html ,https://i.ss.lv/gallery/5/993/248072/49614330.th2.jpg ,Auto labā tehniskā stāvoklī. Sīkākai informācijai lūgums zvanīt.,KiaShuma,1999,Benzīns,1.5,174000,890
https://www.ss.lv//msg/lv/transport/cars/mercedes/e230/bgbko.html ,https://i.ss.lv/gallery/5/992/247828/49565433.th2.jpg ,Mercedes-Benz E230    - один хозаин с 2005 года - все ремонты пр,MercedesE230,1991,Benzīns,2.3,265000,2450
https://www.ss.lv//msg/lv/transport/cars/volvo/s60/eimhb.html ,https://i.ss.lv/gallery/6/1065/266207/53241263.th2.jpg ,Volvo s60 jauna tehniska apskate izgaju bez ajzrabijumem benzins automat,VolvoS60,2001,Benzīns,2.4,273000,1450
https://www.ss.lv//msg/lv/transport/cars/mercedes/a150/jnkkp.html ,https://i.ss.lv/gallery/6/1169/292241/58448035.th2.jpg ,"Benzīns. Tikko no Vācijas. Reģistrācija iekļauta cenā. Ļoti dzīvs auto, ",MercedesA150,2005,Benzīns,1.5,198000,1750
https://www.ss.lv//msg/lv/transport/cars/fiat/panda/fcdmn.html ,https://i.ss.lv/gallery/6/1179/294504/58900620.th2.jpg ,"Labdien, piedāvāju iegādāties Pilnpiedziņas auto ar jaunu TA. , Ritīgs t",FiatPanda,2005,Benzīns,1.2,280000,2700
https://www.ss.lv//msg/lv/transport/cars/hyundai/atos/fmmhm.html ,https://i.ss.lv/gallery/6/1127/281590/56317986.th2.jpg ,"No Vācijas, 1.1 Benzīna dzinējs, ļoti ekonomisks auto ar manuālo kārbu, ",HyundaiAtos,2007,Benzīns,1.1,133000,1450
https://www.ss.lv//msg/lv/transport/cars/volkswagen/up/blkeli.html ,https://i.ss.lv/gallery/6/1020/254998/50999458.th2.jpg ,"No Vācijas, ļoti ekonomisksar rūpnicas orģinalo Cng iekārtu . auto ar ma",VolkswagenUp!,2014,Benzīns,1.0,121000,6400
https://www.ss.lv//msg/lv/transport/cars/skoda/scala/cbiblo.html ,https://i.ss.lv/gallery/6/1179/294502/58900221.th2.jpg ,Privātpersona pārdod Škoda Scala Elegance ideālā stāvoklī.  Aprīkojums,SkodaScala,2022,Benzīns,1.0,15000,20500
https://www.ss.lv//msg/lv/transport/cars/mitsubishi/colt/fhdek.html ,https://i.ss.lv/gallery/6/1168/291794/58358798.th2.jpg ,Pārdodu automobilis Mitsubishi colt 1.3 benzīns. Tehniskā apskate līdz 2,MitsubishiColt,2007,Benzīns,1.3,221000,1200
https://www.ss.lv//msg/lv/transport/cars/toyota/corolla/dppjc.html ,https://i.ss.lv/gallery/6/1171/292526/58505068.th2.jpg ,Īpašnieks pārdod Toyota corolla 1.6 benzīns automātsAutomašīna labā ,ToyotaCorolla,2014,Benzīns,1.6,175000,9800
https://www.ss.lv//msg/lv/transport/cars/mini/cooper/ploci.html ,https://i.ss.lv/gallery/6/1177/294233/58846487.th2.jpg ,Aisin atrumkarbaGarantija dzinejam 12 menesi,MiniCooper,2008,Benzīns,1.4,80000,6400
https://www.ss.lv//msg/lv/transport/cars/jaguar/s-type/bjdme.html ,https://i.ss.lv/gallery/6/1160/289902/57980306.th2.jpg ,Машина на ходу.,JaguarS-Type,2000,Benzīns,3.0,285000,1800
https://www.ss.lv//msg/lv/transport/cars/volkswagen/passat-b3/ndmhf.html ,https://i.ss.lv/gallery/6/1168/291762/58352379.th2.jpg ,Pārdod labi saglabātu 1.8 mono benzīna Passatu. Svaiga TA. Viss kam jāst,VolkswagenPassat (B3),1991,Benzīns,1.8,272000,1200
https://www.ss.lv//msg/lv/transport/cars/audi/80/eggij.html ,https://i.ss.lv/gallery/6/1157/289029/57805742.th2.jpg ,"Pārdod Audi 80 B4 Avant (8C5) Benzīns 2.0 E 85Kw/115Ps. Jauna TA, ",Audi80,1995,Benzīns,2.0,224000,2500
https://www.ss.lv//msg/lv/transport/cars/mazda/mazda6/adbof.html ,https://i.ss.lv/gallery/6/1155/288633/57726509.th2.jpg ,"Mazda ar svaigi izietu tehnisko apskati. Ikdienā izmantota diezgan maz, ",MazdaMazda6,2007,Benzīns,2.0,84000,3300
https://www.ss.lv//msg/lv/transport/cars/bmw/x3/bonigx.html ,https://i.ss.lv/gallery/6/1157/289119/57823651.th2.jpg ,BMW F97 X3M Twinpower  - Black-sapphire metallic krāsa - Leather M,BmwX3,2020,Benzīns,3.0,30000,55000
https://www.ss.lv//msg/lv/transport/cars/honda/civic/hxxgh.html ,https://i.ss.lv/gallery/6/1177/294167/58833216.th2.jpg ,"Pārdod Honda Civic, izskatā Type R, 1.6 bendzīns, manuals. Foršs ikdie",HondaCivic,2003,Benzīns,1.6,211000,1900
https://www.ss.lv//msg/lv/transport/cars/volvo/v40/fbpin.html ,https://i.ss.lv/gallery/6/1179/294684/58936712.th2.jpg ,Ļoti labs auto gaida jauno saimnieku. Auto ir labi kopts un uzturēts lab,VolvoV40,2004,Benzīns,1.8,211000,1700
https://www.ss.lv//msg/lv/transport/cars/nissan/terrano-ii/cplej.html ,https://i.ss.lv/gallery/6/1164/290865/58172870.th2.jpg ,"Джип полно приводный , машина едет , мелкие проблемы есть . Возможно пер",NissanTerrano II,1988,Benzīns,2.4,500000,1200
https://www.ss.lv//msg/lv/transport/cars/ford/focus/ennob.html ,https://i.ss.lv/gallery/6/1168/291815/58362805.th2.jpg ,Ford Focus 1.0 Ecoboost 92kwpirmā reģistrācija 08.2014.Dzinēja tilpu,FordFocus,2014,Benzīns,1.0,155000,4500
https://www.ss.lv//msg/lv/transport/cars/volvo/850/fbodp.html ,https://i.ss.lv/gallery/6/1090/272481/54496017.th2.jpg ,В отличном состоянии. Тех. осмотр прошла с первого раза. Двигатель 125 k,Volvo850,1994,Benzīns,2.5,296000,2500
https://www.ss.lv//msg/lv/transport/cars/renault/grandespace/jngfj.html ,https://i.ss.lv/gallery/6/1169/292119/58423754.th2.jpg ,"Automāts, benzīns-gāze, kruīza kontrole. 70 litru gāzes balons. Motors, ",RenaultGrand Espace,2009,Benzīns,2.0,334000,3200
https://www.ss.lv//msg/lv/transport/cars/audi/a4/bcjffx.html ,https://i.ss.lv/gallery/5/910/227293/45458478.th2.jpg ,Audi A4 Allroad Quattro 2.0tfsi 210zs -Ādas salons -Apsildāmi sēde,AudiA4,2010,Benzīns,2.0,287000,7990
https://www.ss.lv//msg/lv/transport/cars/volkswagen/tiguan/bpeimo.html ,https://i.ss.lv/gallery/6/1168/291910/58381962.th2.jpg ,"Volkswagen Tiguan R-Line, 1.5l benzīns, 150zs (110Kw), Dsg automāts. Nob",VolkswagenTiguan,2021,Benzīns,1.5,33000,32250
https://www.ss.lv//msg/lv/transport/cars/mini/cooper/jkonh.html ,https://i.ss.lv/gallery/6/1136/283819/56763769.th2.jpg ,Mini Cooper. Из Германии только прошел то. Оригинальный пробег вся сер,MiniCooper,2007,Benzīns,1.6,238000,3500
https://www.ss.lv//msg/lv/transport/cars/bmw/316/ancdg.html ,https://i.ss.lv/gallery/6/1160/289949/57989791.th2.jpg ,"BMW e36, rūpnīcas M packKompakts. 2000 gada316i, ar oriģinālu 1.9l m",Bmw316,2000,Benzīns,1.9,185000,2800
https://www.ss.lv//msg/lv/transport/cars/audi/80/bfmhn.html ,https://i.ss.lv/gallery/6/1179/294670/58933922.th2.jpg ,"Pārdodu audi 80 b2 , tehniskā apskate līdz 02.01.2025, līdzi vasaras rie",Audi80,1985,Benzīns,1.8,298000,1800
https://www.ss.lv//msg/lv/transport/cars/opel/astra/bkgcp.html ,https://i.ss.lv/gallery/6/1179/294680/58935940.th2.jpg ,"Sakarā ar jauna auto iegādi pārdodas Opel Astra J (oktobris 2015), 1, 6 ",OpelAstra,2015,Benzīns,1.6,99000,8300
https://www.ss.lv//msg/lv/transport/cars/skoda/octavia/cxxobj.html ,https://i.ss.lv/gallery/6/1174/293336/58667084.th2.jpg ,"Tiek pārodots šis auto, ar svaigu tehnisko apskati kas izieta ""pa nullēm",SkodaOctavia,2012,Benzīns,1.4,199000,4800
https://www.ss.lv//msg/lv/transport/cars/volkswagen/new-beetle/abohg.html ,https://i.ss.lv/gallery/6/1126/281329/56265619.th2.jpg ,Sēdies un brauc (ziemas un vasaras riepu kompl. ) Visa info pa tālruni.,VolkswagenBeetle,1999,Benzīns,2.0,280000,1300
https://www.ss.lv//msg/lv/transport/cars/audi/a3/dlpjm.html ,https://i.ss.lv/gallery/6/1164/290976/58195010.th2.jpg ,"Labā tehniskā stāvoklī, sēdies un brauc. Pārējā info pa tālruni",AudiA3,1999,Benzīns,1.6,360000,1200
https://www.ss.lv//msg/lv/transport/cars/audi/90/djmen.html ,https://i.ss.lv/gallery/6/1179/294679/58935620.th2.jpg ,"Pārdod Audi 90, 1990gads, 2, 3benzīns. Bez TA, jo netiek ikdienā lietots",Audi90,1990,Benzīns,2.3,390000,1890
https://www.ss.lv//msg/lv/transport/cars/audi/a3/bdolmx.html ,https://i.ss.lv/gallery/6/1179/294678/58935548.th2.jpg ,"Sveicināti pārdodu auto, no apskates ļoti maz braukāts vairāk stāvējis, ",AudiA3,2001,Benzīns,1.6,292000,690
https://www.ss.lv//msg/lv/transport/cars/volkswagen/golf-sportsvan/bnhldc.html ,https://i.ss.lv/gallery/6/1077/269051/53810106.th2.jpg ,Tiek pārdots VW Golf Sportsvan Comfortline 1.4 Tsi 125 zs Dsg. Aprīk,VolkswagenGolf Sportsvan,2015,Benzīns,1.4,67000,14350
https://www.ss.lv//msg/lv/transport/cars/volkswagen/golf-7/bmjgnp.html ,https://i.ss.lv/gallery/6/1069/267006/53401155.th2.jpg ,Volkswagen Golf 7 Variant 1.4 Tsi Dsg 125Hp Jauna tehniskā apskate l,VolkswagenGolf 7,2015,Benzīns,1.4,167000,9699
https://www.ss.lv//msg/lv/transport/cars/mazda/mazda6/hedef.html ,https://i.ss.lv/gallery/6/1170/292499/58499774.th2.jpg ,"Pārdod Mazda 6, 2008. gada, 2.0L, 146Zs, benzīns, automāts, universāls. ",MazdaMazda6,2008,Benzīns,2.0,301000,3500
https://www.ss.lv//msg/lv/transport/cars/bmw/320/dfxph.html ,https://i.ss.lv/gallery/6/1179/294645/58928834.th2.jpg ,Sīkāk pa tālruni.,Bmw320,2003,Benzīns,2.2,229000,3550
https://www.ss.lv//msg/lv/transport/cars/bmw/318/egmni.html ,https://i.ss.lv/gallery/6/1111/277727/55545212.th2.jpg ,Pārdodu BMW e46 318i 105kw/143 zs labā tehniskā un vizuālā stāvoklī atbi,Bmw318,2004,Benzīns,2.0,328000,1650
https://www.ss.lv//msg/lv/transport/cars/toyota/auris/bjgffd.html ,https://i.ss.lv/gallery/6/1154/288340/57667936.th2.jpg ,"Toyota Auris 1.6i automāts, 2018. g. , viens īpašnieks, pirkta jauna Rīg",ToyotaAuris,2018,Benzīns,1.6,225000,9450
https://www.ss.lv//msg/lv/transport/cars/mercedes/e200/bxxhgi.html ,https://i.ss.lv/gallery/6/1137/284049/56809783.th2.jpg ,Klasika manuālā kārba feislifts labi saglabāts. aktuālie defektiņi aizmu,MercedesE200,2007,Benzīns,1.8,259000,3700
https://www.ss.lv//msg/lv/transport/cars/ford/excursion/jckfd.html ,https://i.ss.lv/gallery/6/1070/267278/53455464.th2.jpg ,Bez steigas tiek pārdots šis lieliskais ģimenes auto. vienas ģime es īpa,FordExcursion,2000,Benzīns,6.8,78000,11000
https://www.ss.lv//msg/lv/transport/cars/hyundai/i30/bghgxf.html ,https://i.ss.lv/gallery/6/1179/294674/58934659.th2.jpg ,Hyundai i30 1.4 Elegance. Oriģināls noskrējiens. Pirkts jauns Latvija Sk,Hyundaii30,2014,Benzīns,1.4,155000,4350
https://www.ss.lv//msg/lv/transport/cars/mercedes/e500/hxeni.html ,https://i.ss.lv/gallery/6/1124/280813/56162596.th2.jpg ,Владелец продаёт авто. Автомобиль содержался в одних руках. Редкая Модел,MercedesE500,2010,Benzīns,5.0,161000,15990
https://www.ss.lv//msg/lv/transport/cars/audi/90/dxnkn.html ,https://i.ss.lv/gallery/6/1166/291428/58285461.th2.jpg ,Pārdod. TA nav izieta laika trūkuma dēļ.,Audi90,1985,Benzīns,2.0,230000,2700
https://www.ss.lv//msg/lv/transport/cars/peugeot/308/cxbkhp.html ,https://i.ss.lv/gallery/6/1137/284182/56836311.th2.jpg ,"Tiek pārdots auto, izieta tehniskā apskate, labā tehniskā un vizuālā stā",Peugeot308,2010,Benzīns,1.6,220000,3200
https://www.ss.lv//msg/lv/transport/cars/suzuki/liana/geeop.html ,https://i.ss.lv/gallery/6/1172/292775/58554869.th2.jpg ,"4x4Trases auto. Priekš trases viss ok. 4x4 strādā, pečka strādā, labas r",SuzukiLiana,2005,Benzīns,1.6,212000,800
https://www.ss.lv//msg/lv/transport/cars/hyundai/ix35/bhxhio.html ,https://i.ss.lv/gallery/6/1179/294672/58934357.th2.jpg ,Mazlietots skaists teicams auto ar orģinālu mazu pierādāmu nobraukumu un,Hyundaiix35,2010,Benzīns,2.0,80000,7900
https://www.ss.lv//msg/lv/transport/cars/nissan/qashqai/biheox.html ,https://i.ss.lv/gallery/6/1154/288321/57664171.th2.jpg ,Pārdodu koptu un uzraudzītu Nissan Qashqai ar 1.3l benzīna dzinēju (103k,NissanQashqai,2019,Benzīns,1.3,56000,13900
https://www.ss.lv//msg/lv/transport/cars/bmw/328/cbgbb.html ,https://i.ss.lv/gallery/6/1179/294673/58934455.th2.jpg ,Registrēta pārbūve. Poli bukses. Nostrūklota un sakrāsota hadene. Armēta,Bmw328,1997,Benzīns,2.8,300000,2500
https://www.ss.lv//msg/lv/transport/cars/lexus/gs/pmiig.html ,https://i.ss.lv/gallery/6/1141/285197/57039291.th2.jpg ,Pārdodu Lexus Gs300 labā komplektācijā un tehniskā stāvoklī. Tiko izziet,LexusGS,2006,Benzīns,3.0,225000,4000
https://www.ss.lv//msg/lv/transport/cars/opel/vectra/bcnep.html ,https://i.ss.lv/gallery/6/1162/290436/58087185.th2.jpg ,Ir vizuāli defekti. Braukšanas kārtībā. Sīkāk info pa tālruni.,OpelVectra,1998,Benzīns,1.6,267000,500
https://www.ss.lv//msg/lv/transport/cars/mitsubishi/lancer/ecchm.html ,https://i.ss.lv/gallery/6/1179/294671/58934160.th2.jpg ,Pārdodas ideāls auto. Sīkāk info pa tālruni.,MitsubishiLancer,2005,Benzīns,2.0,212000,1590
https://www.ss.lv//msg/lv/transport/cars/skoda/octavia/bckekk.html ,https://i.ss.lv/gallery/6/1171/292674/58534709.th2.jpg ,Pārdodu Škoda Octavia. Pirmā reģistrācija 22.07.2022. Rūpnīcas garantija,SkodaOctavia,2022,Benzīns,1.5,35000,23500
https://www.ss.lv//msg/lv/transport/cars/audi/a4/ffnlf.html ,https://i.ss.lv/gallery/6/1179/294670/58933853.th2.jpg ,Auto labā stāvoklī ar svaigu skati. Labas ziemas riepas. Nav izrūsējis k,AudiA4,1996,Benzīns,1.8,354000,1300
https://www.ss.lv//msg/lv/transport/cars/bmw/318/eedmi.html ,https://i.ss.lv/gallery/6/1154/288473/57694494.th2.jpg ,Bmw 318 e36 cabrioRondell 0058 R17 8.5J et13 svaigi krāsoti diski un T,Bmw318,1995,Benzīns,1.8,200000,5000
https://www.ss.lv//msg/lv/transport/cars/bmw/x3/bcfdpi.html ,https://i.ss.lv/gallery/6/1177/294074/58814685.th2.jpg ,"Pārdod BMW X3 2.5i benzīns/gāze 141Kw/190Hp xdrive. Mehāniskā kārba,",BmwX3,2004,Benzīns,2.5,353000,4500
https://www.ss.lv//msg/lv/transport/cars/opel/grandland-x/cbbodm.html ,https://i.ss.lv/gallery/6/1024/255754/51150634.th2.jpg ,"Opel Grandland X 1.6 Hibrīds 147Kw/200Zs, automātiskā ātrumkārba. Pi",OpelGrandland X,2021,Benzīns,1.6,10000,27490
https://www.ss.lv//msg/lv/transport/cars/mazda/mazda2/hkbhe.html ,https://i.ss.lv/gallery/6/1159/289566/57913175.th2.jpg ,"Mazda 2, 1.5 Benzīns 66kw/90zs, mehāniskā ātrumkārba. Pierādāms un p",MazdaMazda2,2016,Benzīns,1.5,101000,6990
https://www.ss.lv//msg/lv/transport/cars/volvo/s60/beblim.html ,https://i.ss.lv/gallery/6/1150/287413/57482440.th2.jpg ,"Volvo S60 Cross Country, 180Kw/245Zs, automātiskā ātrumkārba. Pierād",VolvoS60,2017,Benzīns,2.0,156000,16990
https://www.ss.lv//msg/lv/transport/cars/nissan/juke/cbhlnc.html ,https://i.ss.lv/gallery/6/1166/291264/58252785.th2.jpg ,Uzņēmums pārdot ideāla stāvokli Nissan Juke Modelis N-Connecta / Automāt,NissanJuke,2022,Benzīns,1.0,37000,19250
https://www.ss.lv//msg/lv/transport/cars/bmw/320/efcen.html ,https://i.ss.lv/gallery/6/1179/294667/58933331.th2.jpg ,"Pārdodu e36, sīkāk zvanit. Cena bez Vnz.",Bmw320,1991,Benzīns,2.0,250000,1800
https://www.ss.lv//msg/lv/transport/cars/renault/laguna/gdopk.html ,https://i.ss.lv/gallery/6/1121/280130/56025895.th2.jpg ,"Renault Laguna GT, 2.0 benzīns. Ļoti skaists, ietilpīgs, komforts un jau",RenaultLaguna,2006,Benzīns,2.0,208000,1500
https://www.ss.lv//msg/lv/transport/cars/opel/tigra/cgfpj.html ,https://i.ss.lv/gallery/6/1179/294667/58933203.th2.jpg ,Sveiki. Tirgoju darba auto . Brauc rūc kā jau benzīns. Priekšējās riepas,OpelTigra,1997,Benzīns,1.4,268000,350
https://www.ss.lv//msg/lv/transport/cars/bmw/325/cmixh.html ,https://i.ss.lv/gallery/6/1103/275585/55116994.th2.jpg ,"Taisits trasei. Poļu papīri. Platie leņķi priekša, hidroliska rocene, ",Bmw325,1994,Benzīns,2.5,353000,3000
https://www.ss.lv//msg/lv/transport/cars/nissan/qashqai/cxdiei.html ,https://i.ss.lv/gallery/6/1148/286801/57360188.th2.jpg ,"Demo auto par Lielisku cenu. Oficiālais Nissan pārstāvis Latvijā Sia ""No",NissanQashqai,2023,Benzīns,1.3,12000,31980
https://www.ss.lv//msg/lv/transport/cars/audi/a3/behxjj.html ,https://i.ss.lv/gallery/6/1179/294666/58933083.th2.jpg ,"Ar jauno tehnisko apskati, tehniski un vizuāli teicamā kārtībā. Lūka un ",AudiA3,2005,Benzīns,1.6,295000,2400
https://www.ss.lv//msg/lv/transport/cars/ford/focus/emxbd.html ,https://i.ss.lv/gallery/6/1139/284524/56904736.th2.jpg ,Tikko ievests no Vācijas Ford Focus 1.2./92 kW benzīna dzinējsOrģināla,FordFocus,2015,Benzīns,1.2,194000,5500
https://www.ss.lv//msg/lv/transport/cars/audi/s4/dfeoi.html ,https://i.ss.lv/gallery/6/1169/292209/58441656.th2.jpg ,"Audi S4 B5. Ap 300zs(nedaudz čipots) Auto virsbūve teicamā stāvoklī, jau",AudiS4,2000,Benzīns,2.7,376000,7400
https://www.ss.lv//msg/lv/transport/cars/ford/tourneo/bpfbjd.html ,https://i.ss.lv/gallery/6/1179/294665/58932874.th2.jpg ,Cena AR PvnFord Tourneo Courier 2014. gada ar 1.0 litru benzīn dzinēju,FordTourneo,2014,Benzīns,1.0,281000,6990
https://www.ss.lv//msg/lv/transport/cars/jaguar/s-type/dxoek.html ,https://i.ss.lv/gallery/6/1179/294665/58932803.th2.jpg ,Jaguar S Type ar V8 4.2 litru benzīna dzinēju ar automātisko transmisiju,JaguarS-Type,2004,Benzīns,4.2,250000,5990
https://www.ss.lv//msg/lv/transport/cars/mitsubishi/colt/dmbnf.html ,https://i.ss.lv/gallery/6/1173/293249/58649785.th2.jpg ,"Tirgojas coltiņš. Braucamă stăvoklï, darbojas, kam jădarbojas. Ir daži d",MitsubishiColt,1999,Benzīns,1.3,322000,380
https://www.ss.lv//msg/lv/transport/cars/lexus/gs/gpbgm.html ,https://i.ss.lv/gallery/6/1179/294664/58932723.th2.jpg ,Lexus GS 300 ar 3.0 litru benzīna dzinēju ar automātisko transmisijuIe,LexusGS,2007,Benzīns,3.0,329000,5690
https://www.ss.lv//msg/lv/transport/cars/toyota/auris/bihcxb.html ,https://i.ss.lv/gallery/6/1179/294664/58932664.th2.jpg ,Toyota Auris ar 1.3 litru benzīna dzinēju un manuālo transmisiju. Ek,ToyotaAuris,2011,Benzīns,1.3,227000,5200
https://www.ss.lv//msg/lv/transport/cars/chrysler/town-country/bddbn.html ,https://i.ss.lv/gallery/6/1179/294663/58932551.th2.jpg ,Chrysler Town & Country ar 3.6 litru benzīns/gāze dzinēju ar automātisko,ChryslerTown & Country,2012,Benzīns,3.6,133000,8990
https://www.ss.lv//msg/lv/transport/cars/mercedes/c63amg/cbojlp.html ,https://i.ss.lv/gallery/6/1093/273240/54647903.th2.jpg ,"Mercedes Benz C 63 Amg, 6.2l V8 Benzīna dzinējsĀtrumkārba: 7 pakāpju",MercedesC63 AMG,2009,Benzīns,6.2,213000,24900
https://www.ss.lv//msg/lv/transport/cars/subaru/impreza/epemp.html ,https://i.ss.lv/gallery/6/1179/294660/58931954.th2.jpg ,"Jauna TA. Kopts auto. Salonā nav smēķēts. Viss, kam jādarbojas, darbojas",SubaruImpreza,2008,Benzīns,2.0,265000,3850
https://www.ss.lv//msg/lv/transport/cars/hyundai/i30/bpnhln.html ,https://i.ss.lv/gallery/6/1179/294663/58932414.th2.jpg ,Hyundai i30 ar 1.4 litru benzīna dzinēju un automātisko transmisiju. ,Hyundaii30,2018,Benzīns,1.4,214000,11990
https://www.ss.lv//msg/lv/transport/cars/hyundai/i30/bojloi.html ,https://i.ss.lv/gallery/6/1174/293256/58651045.th2.jpg ,Hyundai i30 ar 1.4 litru benzīna dzinēju un manuālo transmisiju. Ekono,Hyundaii30,2008,Benzīns,1.4,280000,2990
https://www.ss.lv//msg/lv/transport/cars/opel/astra/cnhnp.html ,https://i.ss.lv/gallery/6/1179/294662/58932364.th2.jpg ,Opel Astra Station Wagon ar 1.8 benzīna dzinēju un manuālo ātrumkārbu,OpelAstra,2009,Benzīns,1.8,218000,3390
https://www.ss.lv//msg/lv/transport/cars/volkswagen/passat-b7/bgjecn.html ,https://i.ss.lv/gallery/6/1174/293253/58650577.th2.jpg ,VW Passat B7 ar 1.4 benzīna/gāzes dzinēju un automātisko transmisiju. ,VolkswagenPassat (B7),2011,Benzīns,1.4,357000,4990
https://www.ss.lv//msg/lv/transport/cars/bmw/535/beinj.html ,https://i.ss.lv/gallery/6/1179/294661/58932192.th2.jpg ,Bmw 535i GT ar 3.0 litru benzīna dzinēju ar automātisko transmisijuEko,Bmw535,2010,Benzīns,3.0,196000,11290
https://www.ss.lv//msg/lv/transport/cars/volkswagen/jetta/cpbmn.html ,https://i.ss.lv/gallery/6/1174/293253/58650465.th2.jpg ,VW Jetta ar 1.4 litru benzīna dzinēju un mehānisko transmisiju. Elegan,VolkswagenJetta,2015,Benzīns,1.4,250000,8290
https://www.ss.lv//msg/lv/transport/cars/lexus/is/dcxdi.html ,https://i.ss.lv/gallery/6/1171/292679/58535676.th2.jpg ,Lexus Is220 2.5D litru benzīna dzinējs ar automātisko transmisiju. Iet,LexusIS,2006,Benzīns,2.5,222000,5790
https://www.ss.lv//msg/lv/transport/cars/volkswagen/golf-6/bfxckf.html ,https://i.ss.lv/gallery/6/1179/294661/58932114.th2.jpg ,"VW Golf 6 , 2011. gada, 1.4 Benzīna dzinējsVidējais patēriņš ārpus p",VolkswagenGolf 6,2011,Benzīns,1.4,382000,4790
https://www.ss.lv//msg/lv/transport/cars/audi/a3/acxgc.html ,https://i.ss.lv/gallery/6/1174/293251/58650170.th2.jpg ,Audi A3 ar 1.4 litru benzīna dzinēju un manuālo transmisiju. Ietilpīgs,AudiA3,2008,Benzīns,1.4,218000,4990
https://www.ss.lv//msg/lv/transport/cars/kia/ceed/bpgxmc.html ,https://i.ss.lv/gallery/6/1173/293247/58649324.th2.jpg ,Kia Cee D ar 1.6 litru benzīna dzinēju ar manuālo transmisijuVidējai,KiaCeed,2012,Benzīns,1.6,194000,6200
https://www.ss.lv//msg/lv/transport/cars/volkswagen/jetta/alelf.html ,https://i.ss.lv/gallery/6/1177/294073/58814426.th2.jpg ,VW Jetta ar 1.4 litru benzīna dzinēju un mehānisko transmisiju. Elegan,VolkswagenJetta,2013,Benzīns,1.4,535000,3990
https://www.ss.lv//msg/lv/transport/cars/volkswagen/golf-6/bdpxih.html ,https://i.ss.lv/gallery/6/1177/294073/58814406.th2.jpg ,"VW Golf 6 , 2009. gada, 1.4 Benzīna dzinējsVidējais patēriņš ārpus p",VolkswagenGolf 6,2009,Benzīns,1.4,248000,4890
https://www.ss.lv//msg/lv/transport/cars/bmw/525/genkm.html ,https://i.ss.lv/gallery/6/1177/294072/58814376.th2.jpg ,BMW 525  ar 3.0 litru benzīna dzinēju un manuālo transmisiju. Elegants,Bmw525,2008,Benzīns,3.0,223000,5990
https://www.ss.lv//msg/lv/transport/cars/mitsubishi/lancer/gxxik.html ,https://i.ss.lv/gallery/6/1179/294656/58931063.th2.jpg ,Mitsubishi Lancer. 2008. gada. 1.8 benzīns 105 Kw (143 Hp)Par iespēj,MitsubishiLancer,2008,Benzīns,2.0,156000,4900
https://www.ss.lv//msg/lv/transport/cars/subaru/forester/bgillb.html ,https://i.ss.lv/gallery/6/1179/294658/58931582.th2.jpg ,"Pārdodu Subaru Forester 2.5 XT turbo. 155kw 210hp 4x4. Ādas salons, ",SubaruForester,2005,Benzīns,2.5,306000,3550
https://www.ss.lv//msg/lv/transport/cars/audi/80/dkond.html ,https://i.ss.lv/gallery/6/1179/294658/58931523.th2.jpg ,"Tehniski viss ok, vizuālais atbilst gadam un cenai, pilsētai īsti laikam",Audi80,1990,Benzīns,1.8,235000,730
https://www.ss.lv//msg/lv/transport/cars/volkswagen/polo/bbdmmm.html ,https://i.ss.lv/gallery/6/1171/292747/58549315.th2.jpg ,Pārdod VW Polo ar 1.0i 55kw dzinēju un 5 pakāpju mehānisko kārbu. Ļoti,VolkswagenPolo,2014,Benzīns,1.0,243000,3777
https://www.ss.lv//msg/lv/transport/cars/mini/countryman/cxghgj.html ,https://i.ss.lv/gallery/6/1171/292689/58537655.th2.jpg ,"Mini Countryman Cooper All4, 100 KW, automātiskā ātrumkarba. Mazs nobr",MiniCountryman,2020,Benzīns,1.6,38000,25500
https://www.ss.lv//msg/lv/transport/cars/toyota/corolla/gdeei.html ,https://i.ss.lv/gallery/6/1179/294535/58906973.th2.jpg ,Toyota Corolla 1.6Priekšējo sēdekļu apsilde / Kruīza kontrole / Atpaka,ToyotaCorolla,2019,Benzīns,1.6,89000,13990
https://www.ss.lv//msg/lv/transport/cars/mercedes/slk200/iclbb.html ,https://i.ss.lv/gallery/6/1137/284135/56826818.th2.jpg ,Mercedes-Benz Slk200 Kompressor. Auto ir tehniski un vizuāli teicamā s,MercedesSLK200,2004,Benzīns,2.0,328000,7500
https://www.ss.lv//msg/lv/transport/cars/ford/ecosport/cxfkko.html ,https://i.ss.lv/gallery/6/1162/290375/58074864.th2.jpg ,"Ford Ecosport, 1.0 benzīns, 92 KW. Latvijā nav lietota, no Francijas, ļo",FordEcoSport,2015,Benzīns,1.0,115000,8250
https://www.ss.lv//msg/lv/transport/cars/audi/90/bmxfi.html ,https://i.ss.lv/gallery/6/1076/268755/53750886.th2.jpg ,Audi 90 2.3l benzīns. 136kw (Ng)Tehniskā apskate derīga līdz 10.2024,Audi90,1987,Benzīns,2.3,233000,2890
https://www.ss.lv//msg/lv/transport/cars/peugeot/5008/bopblb.html ,https://i.ss.lv/gallery/6/1156/288897/57779258.th2.jpg ,"Peugeot 5008 1.6 benzīns, Automāts. Auto ideālā tehniskā un vizuālā st",Peugeot5008,2019,Benzīns,1.6,38000,24950
https://www.ss.lv//msg/lv/transport/cars/ford/focus/fnpmx.html ,https://i.ss.lv/gallery/6/1175/293521/58704192.th2.jpg ,"Ford Focus 1.0 benzīns, Mehānika. Auto ideālā tehniskā un vizuālā stāv",FordFocus,2019,Benzīns,1.0,88000,13500
https://www.ss.lv//msg/lv/transport/cars/skoda/octavia/bcnjlo.html ,https://i.ss.lv/gallery/6/1156/288882/57776340.th2.jpg ,"Skoda Octavia 1.0 benzīns, Mehānika. Auto ideālā tehniskā un vizuālā s",SkodaOctavia,2018,Benzīns,1.0,91000,12950
https://www.ss.lv//msg/lv/transport/cars/skoda/octavia/cxxnxi.html ,https://i.ss.lv/gallery/6/1158/289453/57890574.th2.jpg ,"Skoda Octavia 1.5 benzīns, Mehānika. Auto ideālā tehniskā un vizuālā s",SkodaOctavia,2021,Benzīns,1.5,64000,18500
https://www.ss.lv//msg/lv/transport/cars/audi/a4/bbpmb.html ,https://i.ss.lv/gallery/6/1179/294624/58924780.th2.jpg ,"Audi A4 1.8 benzīns, Mehānika. Auto ideālā tehniskā un vizuālā stāvokl",AudiA4,2009,Benzīns,1.8,242000,6950
https://www.ss.lv//msg/lv/transport/cars/subaru/legacy/bmfpn.html ,https://i.ss.lv/gallery/6/1171/292529/58505784.th2.jpg ,"Sedans, 4Wd, 4x4, automāts, benzīns/gāze, 121 kw, 165 zs. Ar gāzi 100 ",SubaruLegacy,2009,Benzīns,2.5,307000,4500
https://www.ss.lv//msg/lv/transport/cars/bmw/x5/gbmho.html ,https://i.ss.lv/gallery/6/1176/293999/58799638.th2.jpg ,BMW X5M F95 4.4i V8 625Zs Competition M X-Drive Bowers&wilkins Rear Seat,BmwX5,2023,Benzīns,4.4,5000,123999
https://www.ss.lv//msg/lv/transport/cars/bmw/xm/cccjbm.html ,https://i.ss.lv/gallery/6/1178/294314/58862788.th2.jpg ,Brand New BMW XM G09 4.4i Plug-In Hybrid 653Zs X-Drive Warranty/garantij,BmwXM,2023,Benzīns,4.4,10,159777
https://www.ss.lv//msg/lv/transport/cars/citroen/c3/amopk.html ,https://i.ss.lv/gallery/6/1163/290701/58140056.th2.jpg ,Citroen C3 1.0i 50kw 70zs no Vācijas30.04.2013 pirmā registrācija Vāci,CitroenC3,2013,Benzīns,1.0,109000,4250
https://www.ss.lv//msg/lv/transport/cars/ford/focus/bcmil.html ,https://i.ss.lv/gallery/6/1163/290698/58139475.th2.jpg ,Ford Focus 1.0i 92kw 125zs no Vācijas31.07.2012 pirmā registrācija Vāc,FordFocus,2012,Benzīns,1.0,136000,4950
https://www.ss.lv//msg/lv/transport/cars/skoda/superb/cbicgp.html ,https://i.ss.lv/gallery/6/1179/294645/58928930.th2.jpg ,Uzņēmums pārdod Skoda Superb 2018.gada 2.0 Turbo 4x4 ar 206Kw jaudīgu dz,SkodaSuperb,2018,Benzīns,2.0,88000,24000
https://www.ss.lv//msg/lv/transport/cars/citroen/c3/ibfxc.html ,https://i.ss.lv/gallery/6/1172/292757/58551262.th2.jpg ,Pārdod Citroen C3. Brauc sieviete pie stūres.,CitroenC3,2005,Benzīns,1.6,157000,1200
https://www.ss.lv//msg/lv/transport/cars/bmw/m3/dcibg.html ,https://i.ss.lv/gallery/6/1179/294552/58910325.th2.jpg ,BMW M3 Competition 510Zs X-Drive M Carbon Ceramic Brakes M Exterior Pack,BmwM3,2024,Benzīns,3.0,1.5000,99990
https://www.ss.lv//msg/lv/transport/cars/kia/ceed/bpcjec.html ,https://i.ss.lv/gallery/6/1179/294650/58929820.th2.jpg ,Kia Ceed 5D MT / 2020.g. / 68 915 KmKomplektā vasaras un ziemas Riep,KiaCeed,2020,Benzīns,1.0,69000,13700
https://www.ss.lv//msg/lv/transport/cars/lexus/lls/ibcoe.html ,https://i.ss.lv/gallery/6/1098/274434/54886607.th2.jpg ,Lexus LS 460 President 2013.g 4.6 benzīnsŠī automašīna atrodas mūsu ,LexusLS,2013,Benzīns,4.6,89000,28900
https://www.ss.lv//msg/lv/transport/cars/mercedes/g63-amg/cxpild.html ,https://i.ss.lv/gallery/6/1174/293313/58662451.th2.jpg ,Mercedes-Benz amg g63 Brabus teicamā vizuālā un tehniskā stāvoklī. A/m a,MercedesG63 AMG,2015,Benzīns,5.5,161000,99000
https://www.ss.lv//msg/lv/transport/cars/mercedes/g63-amg/cbexkp.html ,https://i.ss.lv/gallery/6/1174/293317/58663257.th2.jpg ,Mercedes-Benz g63 amg teicamā vizuālā un tehniskā stāvoklī. A/m atrodas ,MercedesG63 AMG,2015,Benzīns,5.5,81000,85000
https://www.ss.lv//msg/lv/transport/cars/hyundai/i30/bojdmf.html ,https://i.ss.lv/gallery/6/1179/294649/58929675.th2.jpg ,"Pārdodu savu uzticamo auto. Maiņa neinteresēLūgums zvanīt, ja ir int",Hyundaii30,2016,Benzīns,1.6,155000,7500
